Workbook

Sheet Read Me
B2: ALLEGION | Open Access-Control Ecosystem
B3: Five-Year Credential & Reader Share and Revenue Growth Model
B5: The thesis
B6: Today one closed ecosystem dominates the credential value pool: ASSA ABLOY / HID holds ~33.6% of world credential revenue (Omdia 2024), while Allegion holds ~5.0%. Open standards — Aliro (the industry mobile access standard) and PKOC (Public Key Open Credential) — commoditise the credential-to-reader trust layer that closed systems monetise privately. That lets Allegion contest the whole stack with an OPEN full-stack offer, and monetise value pools that do not exist for it today.
B11: The open stack Allegion can sell — any part, or all
B12: 1. Credentials | C12: 13.56-MHz smart cards + mobile credentials on open profiles (Aliro / PKOC), not locked to one reader brand.
B13: 2. Certificate / Trust Services | C13: PKI trust-anchor as-a-service: issues & validates the certificates that make PKOC/Aliro credentials trustable. Recurring, high-margin, brand-neutral — Allegion can anchor trust even for third-party readers and credentials.
B14: 3. Credential Issuance | C14: Lifecycle issuance & orchestration service that provisions open credentials into any wallet. Per-issuance service fee layered on the credential.
B15: 4. Wallet | C15: Enablement of open credentials in Apple / Google wallets (and an Allegion wallet). Per-credential platform fee.
B16: 5. Readers | C16: ELATEC + Schlage readers that accept ANY open credential — the multi-technology / Bluetooth / smart-card reader pool where growth is concentrated.
B18: How to use this workbook
B19: • | C19: Assumptions tab, cell C3 — set the scenario: 1 = Conservative, 2 = Base, 3 = Aggressive. Everything recalculates.
B20: • | C20: All levers (blue text, tinted cells) live on the Assumptions tab. Change them and the whole model moves.
B21: • | C21: Market (Omdia) tab holds the source market data (blue = Omdia figures; each carries a source note).
B22: • | C22: Revenue Model tab builds Baseline (hold current share) vs Open Strategy across all five components.
B23: • | C23: Share & Disruption tab quantifies the share Allegion gains and the closed-ecosystem share it displaces.
B24: • | C24: Dashboard tab is the one-page output with charts and an all-scenario snapshot.
B26: Colour key
B27: Blue text | C27: Hardcoded input / scenario lever — safe to edit
B28: Green text | C28: Link to another sheet — do not overwrite
B29: Black text | C29: Formula — do not overwrite
B30: Yellow cell | C30: Key assumption or the scenario switch
B32: Sources & caveats
B33: • | C33: Market sizes, growth and shares: Omdia Access Control Database 2025 (lead author B. Montany). Base actual year 2024; 2025-2029 Omdia forecast.
B34: • | C34: 2030 is a one-year extension of each Omdia segment at its 2029 year-over-year rate (labelled, editable on the Market tab).
B35: • | C35: Certificate/Trust, Issuance and Wallet are NEW value pools not sized by Omdia. They are modelled bottom-up from open-credential volumes at editable fee assumptions — treat as illustrative planning ranges, not Omdia data.
B36: • | C36: Share targets and adoption curves are strategy inputs, not forecasts. Figures are a planning model for discussion, not a commitment.

Sheet Market (Omdia)
B1: MARKET FOUNDATION — Omdia Access Control Database 2025
B2: World, revenue in US$m unless noted. Blue = Omdia figures. 2030E* = 2029 × (1 + YoY'29), a one-year extension.
B4: World Readers — Revenue ($m) [Omdia Table 7.4]
B5: Segment | C5: 2024A | D5: 2025E | E5: 2026E | F5: 2027E | G5: 2028E | H5: 2029E | I5: 2030E* | K5: CAGR 24-29 | L5: YoY '29 (ext.)
B6: Smart Card (13.56 MHz) | C6: 483.36 | D6: 507.63 | E6: 534.66 | F6: 569.59 | G6: 598.8 | H6: 628.51 | I6: =H6*(1+L6) -> 659.9355 | K6: =(H6/C6)^(1/5)-1 -> 0.053921579 | L6: 0.05
B7: Bluetooth | C7: 45.91 | D7: 55.1 | E7: 63.56 | F7: 72.2 | G7: 81.52 | H7: 91.7 | I7: =H7*(1+L7) -> 102.704 | K7: =(H7/C7)^(1/5)-1 -> 0.14839795 | L7: 0.12
B8: Multi-technology | C8: 141.83 | D8: 152.64 | E8: 164.6 | F8: 177.39 | G8: 189.74 | H8: 201.93 | I8: =H8*(1+L8) -> 214.0458 | K8: =(H8/C8)^(1/5)-1 -> 0.073214541 | L8: 0.06
B9: Biometric | C9: 416.19 | D9: 432.65 | E9: 461.53 | F9: 493.92 | G9: 527.09 | H9: 563.14 | I9: =H9*(1+L9) -> 602.5598 | K9: =(H9/C9)^(1/5)-1 -> 0.062343456 | L9: 0.07
B10: Proximity (125 kHz) — declining | C10: 131.18 | D10: 117.15 | E10: 104.63 | F10: 90.97 | G10: 79.67 | H10: 69.84 | I10: =H10*(1+L10) -> 61.4592 | K10: =(H10/C10)^(1/5)-1 -> -0.11844925 | L10: -0.12
B11: Magnetic Stripe — declining | C11: 4.33 | D11: 3.81 | E11: 3.46 | F11: 3.21 | G11: 2.97 | H11: 2.76 | I11: =H11*(1+L11) -> 2.5668 | K11: =(H11/C11)^(1/5)-1 -> -0.086130386 | L11: -0.07
B12: Total readers (all types) | C12: =C6+C7+C8+C9+C10+C11 -> 1222.8 | D12: =D6+D7+D8+D9+D10+D11 -> 1268.98 | E12: =E6+E7+E8+E9+E10+E11 -> 1332.44 | F12: =F6+F7+F8+F9+F10+F11 -> 1407.28 | G12: =G6+G7+G8+G9+G10+G11 -> 1479.79 | H12: =H6+H7+H8+H9+H10+H11 -> 1557.88 | I12: =I6+I7+I8+I9+I10+I11 -> 1643.2711 | K12: =(H12/C12)^(1/5)-1 -> 0.049628742
B13: Open-addressable reader TAM | C13: =C6+C7+C8 -> 671.1 | D13: =D6+D7+D8 -> 715.37 | E13: =E6+E7+E8 -> 762.82 | F13: =F6+F7+F8 -> 819.18 | G13: =G6+G7+G8 -> 870.06 | H13: =H6+H7+H8 -> 922.14 | I13: =I6+I7+I8 -> 976.6853
B15: World Credentials — Revenue ($m) [Omdia Table 7.14]
B16: Segment | C16: 2024A | D16: 2025E | E16: 2026E | F16: 2027E | G16: 2028E | H16: 2029E | I16: 2030E* | K16: CAGR 24-29 | L16: YoY '29 (ext.)
B17: 13.56-MHz Smart Cards | C17: 371.43 | D17: 379.41 | E17: 391.39 | F17: 407.81 | G17: 424.56 | H17: 440.17 | I17: =H17*(1+L17) -> 457.7768 | K17: =(H17/C17)^(1/5)-1 -> 0.034543347 | L17: 0.04
B18: Mobile Credentials | C18: 85.1 | D18: 113.76 | E18: 144.72 | F18: 173.36 | G18: 203.39 | H18: 233.91 | I18: =H18*(1+L18) -> 268.9965 | K18: =(H18/C18)^(1/5)-1 -> 0.22411958 | L18: 0.15
B19: 125-kHz Prox Cards — declining | C19: 158.15 | D19: 147.32 | E19: 137.12 | F19: 127.96 | G19: 118.62 | H19: 110.15 | I19: =H19*(1+L19) -> 102.4395 | K19: =(H19/C19)^(1/5)-1 -> -0.069785594 | L19: -0.07
B20: Electronic Keys | C20: 77.53 | D20: 84.36 | E20: 91.36 | F20: 100.7 | G20: 109.68 | H20: 120.37 | I20: =H20*(1+L20) -> 132.407 | K20: =(H20/C20)^(1/5)-1 -> 0.091967456 | L20: 0.1
B21: Active Transponders | C21: 22.08 | D21: 22.64 | E21: 23.11 | F21: 23.49 | G21: 23.74 | H21: 23.97 | I21: =H21*(1+L21) -> 24.2097 | K21: =(H21/C21)^(1/5)-1 -> 0.016561817 | L21: 0.01
B22: Magnetic Stripe — declining | C22: 3.41 | D22: 2.93 | E22: 2.56 | F22: 2.3 | G22: 2.05 | H22: 1.84 | I22: =H22*(1+L22) -> 1.656 | K22: =(H22/C22)^(1/5)-1 -> -0.11608055 | L22: -0.1
B23: Total credentials (all types) | C23: =C17+C18+C19+C20+C21+C22 -> 717.7 | D23: =D17+D18+D19+D20+D21+D22 -> 750.42 | E23: =E17+E18+E19+E20+E21+E22 -> 790.26 | F23: =F17+F18+F19+F20+F21+F22 -> 835.62 | G23: =G17+G18+G19+G20+G21+G22 -> 882.04 | H23: =H17+H18+H19+H20+H21+H22 -> 930.41 | I23: =I17+I18+I19+I20+I21+I22 -> 987.4855 | K23: =(H23/C23)^(1/5)-1 -> 0.053285934
B24: Open-addressable credential TAM | C24: =C17+C18 -> 456.53 | D24: =D17+D18 -> 493.17 | E24: =E17+E18 -> 536.11 | F24: =F17+F18 -> 581.17 | G24: =G17+G18 -> 627.95 | H24: =H17+H18 -> 674.08 | I24: =I17+I18 -> 726.7733
B26: World Credentials — Unit shipments (millions) [Omdia Table 7.15]
B27: Segment | C27: 2024A | D27: 2025E | E27: 2026E | F27: 2027E | G27: 2028E | H27: 2029E | I27: 2030E* | K27: CAGR 24-29 | L27: YoY '29 (ext.)
B28: 13.56-MHz Smart Cards (M units) | C28: 223.58 | D28: 227.73 | E28: 233.45 | F28: 241.14 | G28: 248.4 | H28: 253.61 | I28: =H28*(1+L28) -> 258.6822 | K28: =(H28/C28)^(1/5)-1 -> 0.025526021 | L28: 0.02
B29: Mobile Credentials (M units) | C29: 118.46 | D29: 145.74 | E29: 169.62 | F29: 191.69 | G29: 213.55 | H29: 232.84 | I29: =H29*(1+L29) -> 253.7956 | K29: =(H29/C29)^(1/5)-1 -> 0.14471447 | L29: 0.09
B30: Total open credential units (M) | C30: =C28+C29 -> 342.04 | D30: =D28+D29 -> 373.47 | E30: =E28+E29 -> 403.07 | F30: =F28+F29 -> 432.83 | G30: =G28+G29 -> 461.95 | H30: =H28+H29 -> 486.45 | I30: =I28+I29 -> 512.4778
B32: Market Shares 2024 — Revenue basis [Omdia MS7.3 / MS7.4 / MS7.9]
B33: Company | C33: Credentials | D33: All Readers | E33: Smart-Card Readers
B34: ASSA ABLOY / HID | C34: 0.336 | D34: 0.099 | E34: 0.161
B35: Allegion | C35: 0.05 | D35: 0.041 | E35: 0.052
B36: Honeywell | C36: 0.042 | D36: 0.053 | E36: 0.09
B37: Dormakaba | C37: 0.028 | D37: 0.035 | E37: 0.067
B38: SALTO WECOSYSTEM | C38: 0.024 | E38: 0.037
B39: Others (fragmented) | C39: 0.419 | D39: 0.548 | E39: 0.395
B41: Source: Omdia Access Control Database 2025 (lead author Bryan Montany). © 2025 Omdia.

Sheet Assumptions
B1: ASSUMPTIONS & SCENARIO LEVERS
B2: Edit blue cells. Set the scenario in C3. Active column feeds the whole model.
B3: SCENARIO (1=Conservative, 2=Base, 3=Aggressive) | C3: 2 | D3: =CHOOSE(C3,"CONSERVATIVE","BASE","AGGRESSIVE") -> BASE
B5: Lever | C5: Conservative | D5: Base | E5: Aggressive | F5: Active | H5: Notes
B6: — Core share strategy —
B7: Baseline Allegion credential share of open pool (flat) | C7: 0.079 | D7: 0.079 | E7: 0.079 | F7: =CHOOSE($C$3,C7,D7,E7) -> 0.079 | H7: ESTIMATE (inference, not Omdia): ~7.9% of the open-addressable pool. Reconciles to Omdia MS7.9 ~5.0% of the TOTAL credential market, concentrated in 13.56-MHz + mobile. Held flat = status-quo counterfactual.
B8: Allegion credential share of open pool — 2030 target | C8: 0.09 | D8: 0.12 | E8: 0.16 | F8: =CHOOSE($C$3,C8,D8,E8) -> 0.12 | H8: Target share of open-addressable credential TAM by 2030; ramped 2026-2030. Base 12% ≈ 9.0% of the total credential market blended.
B9: Baseline Allegion reader share of open pool (flat) | C9: 0.075 | D9: 0.075 | E9: 0.075 | F9: =CHOOSE($C$3,C9,D9,E9) -> 0.075 | H9: ESTIMATE (inference, not Omdia): ~7.5% of the open-addressable reader pool. Reconciles to Omdia MS7.3 ~4.1% of the TOTAL reader market (Allegion reader revenue sits mostly in smart-card + multi-tech). Held flat.
B10: Allegion reader share of open pool — 2030 target | C10: 0.085 | D10: 0.11 | E10: 0.145 | F10: =CHOOSE($C$3,C10,D10,E10) -> 0.11 | H10: Target share of open-addressable reader TAM (Smart Card + BT + Multi-tech) by 2030; ramped 2026-2030. Base 11% ≈ 6.6% of the total reader market blended.
B11: — New value pools (not in Omdia) —
B12: Trust-anchor share of open credentials — 2030 | C12: 0.1 | D12: 0.2 | E12: 0.3 | F12: =CHOOSE($C$3,C12,D12,E12) -> 0.2 | H12: Share of ALL open (Aliro/PKOC) credentials in market for which Allegion is the certificate/trust anchor — including third-party readers/credentials. Brand-neutral infrastructure play.
B13: Trust service fee ($/credential/yr) | C13: 0.4 | D13: 0.5 | E13: 0.65 | F13: =CHOOSE($C$3,C13,D13,E13) -> 0.5 | H13: Recurring annual PKI/trust-validation fee per open credential Allegion anchors. Illustrative.
B14: Issuance share of open mobile credentials — 2030 | C14: 0.08 | D14: 0.15 | E14: 0.22 | F14: =CHOOSE($C$3,C14,D14,E14) -> 0.15 | H14: Share of new open MOBILE credentials issued/orchestrated through Allegion each year.
B15: Issuance fee ($/credential) | C15: 0.6 | D15: 0.75 | E15: 1 | F15: =CHOOSE($C$3,C15,D15,E15) -> 0.75 | H15: Per-issuance service fee for provisioning an open credential into a wallet. Layered on the credential SKU.
B16: Wallet-enablement share of open mobile — 2030 | C16: 0.1 | D16: 0.18 | E16: 0.28 | F16: =CHOOSE($C$3,C16,D16,E16) -> 0.18 | H16: Share of open mobile credentials Allegion enables in Apple/Google/Allegion wallets.
B17: Wallet platform fee ($/credential/yr) | C17: 0.3 | D17: 0.4 | E17: 0.55 | F17: =CHOOSE($C$3,C17,D17,E17) -> 0.4 | H17: Recurring annual wallet-enablement platform fee per credential-in-wallet. Illustrative.
B18: — Disruption of closed ecosystem —
B19: ASSA ABLOY / HID credential share — 2030 | C19: 0.3 | D19: 0.27 | E19: 0.23 | F19: =CHOOSE($C$3,C19,D19,E19) -> 0.27 | H19: Modelled erosion of the dominant closed ecosystem from 33.6% (Omdia 2024) as open standards commoditise interop.
B21: OPEN-STANDARD ADOPTION CURVE (% of open-addressable deployments that are Aliro/PKOC-enabled)
B22: Scenario \ Year | C22: 2025 | D22: 2026 | E22: 2027 | F22: 2028 | G22: 2029 | H22: 2030
B23: Conservative | C23: 0.02 | D23: 0.05 | E23: 0.1 | F23: 0.18 | G23: 0.28 | H23: 0.38
B24: Base | C24: 0.03 | D24: 0.08 | E24: 0.16 | F24: 0.27 | G24: 0.4 | H24: 0.55
B25: Aggressive | C25: 0.04 | D25: 0.11 | E25: 0.22 | F25: 0.38 | G25: 0.55 | H25: 0.7
B26: Active adoption | C26: =CHOOSE($C$3,C23,C24,C25) -> 0.03 | D26: =CHOOSE($C$3,D23,D24,D25) -> 0.08 | E26: =CHOOSE($C$3,E23,E24,E25) -> 0.16 | F26: =CHOOSE($C$3,F23,F24,F25) -> 0.27 | G26: =CHOOSE($C$3,G23,G24,G25) -> 0.4 | H26: =CHOOSE($C$3,H23,H24,H25) -> 0.55
B28: SHARE RAMP WEIGHTS (0 = base year, 1.0 = full target). Linear default — edit to reshape.
B29: Year | C29: 2025 | D29: 2026 | E29: 2027 | F29: 2028 | G29: 2029 | H29: 2030
B30: Ramp weight | C30: 0 | D30: 0.2 | E30: 0.4 | F30: 0.6 | G30: 0.8 | H30: 1
B32: New value pools (Trust / Issuance / Wallet) are bottom-up planning estimates, NOT Omdia data.

Sheet Revenue Model
B1: REVENUE MODEL — Baseline vs Open Strategy ($m)
B2: =CONCATENATE("Active scenario: ",Assumptions!D3) -> Active scenario: BASE | K2: Plan window shaded — 5-yr = 2026-2030
B4: 1 — ADDRESSABLE MARKET & DRIVERS
B5: US$m | C5: 2024A | D5: 2025E | E5: 2026E | F5: 2027E | G5: 2028E | H5: 2029E | I5: 2030E* | J5: 5-yr (26-30) | K5: Formula / basis
B6: Open-addressable credential TAM | C6: ='Market (Omdia)'!C24 -> 456.53 | D6: ='Market (Omdia)'!D24 -> 493.17 | E6: ='Market (Omdia)'!E24 -> 536.11 | F6: ='Market (Omdia)'!F24 -> 581.17 | G6: ='Market (Omdia)'!G24 -> 627.95 | H6: ='Market (Omdia)'!H24 -> 674.08 | I6: ='Market (Omdia)'!I24 -> 726.7733 | K6: Link → Market: 13.56 cards + mobile
B7: Open-addressable reader TAM | C7: ='Market (Omdia)'!C13 -> 671.1 | D7: ='Market (Omdia)'!D13 -> 715.37 | E7: ='Market (Omdia)'!E13 -> 762.82 | F7: ='Market (Omdia)'!F13 -> 819.18 | G7: ='Market (Omdia)'!G13 -> 870.06 | H7: ='Market (Omdia)'!H13 -> 922.14 | I7: ='Market (Omdia)'!I13 -> 976.6853 | K7: Link → Market: smart-card + BT + multi-tech
B8: Total credential market (all types) | C8: ='Market (Omdia)'!C23 -> 717.7 | D8: ='Market (Omdia)'!D23 -> 750.42 | E8: ='Market (Omdia)'!E23 -> 790.26 | F8: ='Market (Omdia)'!F23 -> 835.62 | G8: ='Market (Omdia)'!G23 -> 882.04 | H8: ='Market (Omdia)'!H23 -> 930.41 | I8: ='Market (Omdia)'!I23 -> 987.4855 | K8: Link → Market
B9: Total reader market (all types) | C9: ='Market (Omdia)'!C12 -> 1222.8 | D9: ='Market (Omdia)'!D12 -> 1268.98 | E9: ='Market (Omdia)'!E12 -> 1332.44 | F9: ='Market (Omdia)'!F12 -> 1407.28 | G9: ='Market (Omdia)'!G12 -> 1479.79 | H9: ='Market (Omdia)'!H12 -> 1557.88 | I9: ='Market (Omdia)'!I12 -> 1643.2711 | K9: Link → Market
B10: Total open credential units (M) | C10: ='Market (Omdia)'!C30 -> 342.04 | D10: ='Market (Omdia)'!D30 -> 373.47 | E10: ='Market (Omdia)'!E30 -> 403.07 | F10: ='Market (Omdia)'!F30 -> 432.83 | G10: ='Market (Omdia)'!G30 -> 461.95 | H10: ='Market (Omdia)'!H30 -> 486.45 | I10: ='Market (Omdia)'!I30 -> 512.4778 | K10: Link → Market (13.56 + mobile units)
B11: Open mobile credential units (M) | C11: ='Market (Omdia)'!C29 -> 118.46 | D11: ='Market (Omdia)'!D29 -> 145.74 | E11: ='Market (Omdia)'!E29 -> 169.62 | F11: ='Market (Omdia)'!F29 -> 191.69 | G11: ='Market (Omdia)'!G29 -> 213.55 | H11: ='Market (Omdia)'!H29 -> 232.84 | I11: ='Market (Omdia)'!I29 -> 253.7956 | K11: Link → Market
B12: Open-standard adoption % (Aliro/PKOC) | C12: 0 | D12: =Assumptions!C26 -> 0.03 | E12: =Assumptions!D26 -> 0.08 | F12: =Assumptions!E26 -> 0.16 | G12: =Assumptions!F26 -> 0.27 | H12: =Assumptions!G26 -> 0.4 | I12: =Assumptions!H26 -> 0.55 | K12: Link → Assumptions active adoption curve
B13: Share ramp weight | C13: 0 | D13: =Assumptions!C30 -> 0 | E13: =Assumptions!D30 -> 0.2 | F13: =Assumptions!E30 -> 0.4 | G13: =Assumptions!F30 -> 0.6 | H13: =Assumptions!G30 -> 0.8 | I13: =Assumptions!H30 -> 1 | K13: Link → Assumptions ramp weights
B15: 2 — BASELINE (hold current share as market grows)
B16: US$m | C16: 2024A | D16: 2025E | E16: 2026E | F16: 2027E | G16: 2028E | H16: 2029E | I16: 2030E* | J16: 5-yr (26-30) | K16: Formula / basis
B17: Baseline credential revenue | C17: =C6*Assumptions!$F$7 -> 36.06587 | D17: =D6*Assumptions!$F$7 -> 38.96043 | E17: =E6*Assumptions!$F$7 -> 42.35269 | F17: =F6*Assumptions!$F$7 -> 45.91243 | G17: =G6*Assumptions!$F$7 -> 49.60805 | H17: =H6*Assumptions!$F$7 -> 53.25232 | I17: =I6*Assumptions!$F$7 -> 57.415091 | J17: =SUM(E17:I17) -> 248.54058 | K17: Open-pool TAM × est. current open-pool share (flat)
B18: Baseline reader revenue | C18: =C7*Assumptions!$F$9 -> 50.3325 | D18: =D7*Assumptions!$F$9 -> 53.65275 | E18: =E7*Assumptions!$F$9 -> 57.2115 | F18: =F7*Assumptions!$F$9 -> 61.4385 | G18: =G7*Assumptions!$F$9 -> 65.2545 | H18: =H7*Assumptions!$F$9 -> 69.1605 | I18: =I7*Assumptions!$F$9 -> 73.251397 | J18: =SUM(E18:I18) -> 326.3164 | K18: Open-pool TAM × est. current open-pool share (flat)
B19: Baseline total (credentials + readers) | C19: =C17+C18 -> 86.39837 | D19: =D17+D18 -> 92.61318 | E19: =E17+E18 -> 99.56419 | F19: =F17+F18 -> 107.35093 | G19: =G17+G18 -> 114.86255 | H19: =H17+H18 -> 122.41282 | I19: =I17+I18 -> 130.66649 | J19: =SUM(E19:I19) -> 574.85698
B21: 3 — OPEN STRATEGY (share ramp + new value pools)
B22: US$m | C22: 2024A | D22: 2025E | E22: 2026E | F22: 2027E | G22: 2028E | H22: 2029E | I22: 2030E* | J22: 5-yr (26-30) | K22: Formula / basis
B23: Allegion credential share (ramped) | C23: =Assumptions!$F$7+(Assumptions!$F$8-Assumptions!$F$7)*C13 -> 0.079 | D23: =Assumptions!$F$7+(Assumptions!$F$8-Assumptions!$F$7)*D13 -> 0.079 | E23: =Assumptions!$F$7+(Assumptions!$F$8-Assumptions!$F$7)*E13 -> 0.0872 | F23: =Assumptions!$F$7+(Assumptions!$F$8-Assumptions!$F$7)*F13 -> 0.0954 | G23: =Assumptions!$F$7+(Assumptions!$F$8-Assumptions!$F$7)*G13 -> 0.1036 | H23: =Assumptions!$F$7+(Assumptions!$F$8-Assumptions!$F$7)*H13 -> 0.1118 | I23: =Assumptions!$F$7+(Assumptions!$F$8-Assumptions!$F$7)*I13 -> 0.12
B24: Allegion reader share (ramped) | C24: =Assumptions!$F$9+(Assumptions!$F$10-Assumptions!$F$9)*C13 -> 0.075 | D24: =Assumptions!$F$9+(Assumptions!$F$10-Assumptions!$F$9)*D13 -> 0.075 | E24: =Assumptions!$F$9+(Assumptions!$F$10-Assumptions!$F$9)*E13 -> 0.082 | F24: =Assumptions!$F$9+(Assumptions!$F$10-Assumptions!$F$9)*F13 -> 0.089 | G24: =Assumptions!$F$9+(Assumptions!$F$10-Assumptions!$F$9)*G13 -> 0.096 | H24: =Assumptions!$F$9+(Assumptions!$F$10-Assumptions!$F$9)*H13 -> 0.103 | I24: =Assumptions!$F$9+(Assumptions!$F$10-Assumptions!$F$9)*I13 -> 0.11
B25: A. Credentials | C25: =C6*C23 -> 36.06587 | D25: =D6*D23 -> 38.96043 | E25: =E6*E23 -> 46.748792 | F25: =F6*F23 -> 55.443618 | G25: =G6*G23 -> 65.05562 | H25: =H6*H23 -> 75.362144 | I25: =I6*I23 -> 87.212796 | J25: =SUM(E25:I25) -> 329.82297 | K25: Open credential TAM × ramped share
B26: B. Readers | C26: =C7*C24 -> 50.3325 | D26: =D7*D24 -> 53.65275 | E26: =E7*E24 -> 62.55124 | F26: =F7*F24 -> 72.90702 | G26: =G7*G24 -> 83.52576 | H26: =H7*H24 -> 94.98042 | I26: =I7*I24 -> 107.43538 | J26: =SUM(E26:I26) -> 421.39982 | K26: Open reader TAM × ramped share
B27: C. Certificate / Trust Services | C27: =C10*C12*(Assumptions!$F$12*C13)*Assumptions!$F$13 -> 0 | D27: =D10*D12*(Assumptions!$F$12*D13)*Assumptions!$F$13 -> 0 | E27: =E10*E12*(Assumptions!$F$12*E13)*Assumptions!$F$13 -> 0.644912 | F27: =F10*F12*(Assumptions!$F$12*F13)*Assumptions!$F$13 -> 2.770112 | G27: =G10*G12*(Assumptions!$F$12*G13)*Assumptions!$F$13 -> 7.48359 | H27: =H10*H12*(Assumptions!$F$12*H13)*Assumptions!$F$13 -> 15.5664 | I27: =I10*I12*(Assumptions!$F$12*I13)*Assumptions!$F$13 -> 28.186279 | J27: =SUM(E27:I27) -> 54.651293 | K27: Open cred units × adoption × trust-anchor share × fee/yr
B28: D. Credential Issuance | C28: =C11*C12*(Assumptions!$F$14*C13)*Assumptions!$F$15 -> 0 | D28: =D11*D12*(Assumptions!$F$14*D13)*Assumptions!$F$15 -> 0 | E28: =E11*E12*(Assumptions!$F$14*E13)*Assumptions!$F$15 -> 0.305316 | F28: =F11*F12*(Assumptions!$F$14*F13)*Assumptions!$F$15 -> 1.380168 | G28: =G11*G12*(Assumptions!$F$14*G13)*Assumptions!$F$15 -> 3.8919488 | H28: =H11*H12*(Assumptions!$F$14*H13)*Assumptions!$F$15 -> 8.38224 | I28: =I11*I12*(Assumptions!$F$14*I13)*Assumptions!$F$15 -> 15.703603 | J28: =SUM(E28:I28) -> 29.663276 | K28: Open mobile units × adoption × issuance share × fee
B29: E. Wallet | C29: =C11*C12*(Assumptions!$F$16*C13)*Assumptions!$F$17 -> 0 | D29: =D11*D12*(Assumptions!$F$16*D13)*Assumptions!$F$17 -> 0 | E29: =E11*E12*(Assumptions!$F$16*E13)*Assumptions!$F$17 -> 0.19540224 | F29: =F11*F12*(Assumptions!$F$16*F13)*Assumptions!$F$17 -> 0.88330752 | G29: =G11*G12*(Assumptions!$F$16*G13)*Assumptions!$F$17 -> 2.4908472 | H29: =H11*H12*(Assumptions!$F$16*H13)*Assumptions!$F$17 -> 5.3646336 | I29: =I11*I12*(Assumptions!$F$16*I13)*Assumptions!$F$17 -> 10.050306 | J29: =SUM(E29:I29) -> 18.984496 | K29: Open mobile units × adoption × wallet share × fee/yr
B30: Open strategy total (A+B+C+D+E) | C30: =SUM(C25:C29) -> 86.39837 | D30: =SUM(D25:D29) -> 92.61318 | E30: =SUM(E25:E29) -> 110.44566 | F30: =SUM(F25:F29) -> 133.38423 | G30: =SUM(G25:G29) -> 162.44777 | H30: =SUM(H25:H29) -> 199.65584 | I30: =SUM(I25:I29) -> 248.58837 | J30: =SUM(E30:I30) -> 854.52186
B32: 4 — INCREMENTAL vs BASELINE
B33: US$m | C33: 2024A | D33: 2025E | E33: 2026E | F33: 2027E | G33: 2028E | H33: 2029E | I33: 2030E* | J33: 5-yr (26-30) | K33: Formula / basis
B34: Incremental revenue (Open − Baseline) | C34: =C30-C19 -> 0 | D34: =D30-D19 -> 0 | E34: =E30-E19 -> 10.881472 | F34: =F30-F19 -> 26.033296 | G34: =G30-G19 -> 47.585216 | H34: =H30-H19 -> 77.243018 | I34: =I30-I19 -> 117.92188 | J34: =SUM(E34:I34) -> 279.66488
B35: New value pools as % of open total | C35: =IF(C30=0,0,(C27+C28+C29)/C30) -> 0 | D35: =IF(D30=0,0,(D27+D28+D29)/D30) -> 0 | E35: =IF(E30=0,0,(E27+E28+E29)/E30) -> 0.010372795 | F35: =IF(F30=0,0,(F27+F28+F29)/F30) -> 0.037737502 | G35: =IF(G30=0,0,(G27+G28+G29)/G30) -> 0.085359044 | H35: =IF(H30=0,0,(H27+H28+H29)/H30) -> 0.14681902 | I35: =IF(I30=0,0,(I27+I28+I29)/I30) -> 0.21698597

Sheet Share & Disruption
B1: SHARE GAIN & DISRUPTION OF THE CLOSED ECOSYSTEM
B2: =CONCATENATE("Active scenario: ",Assumptions!D3) -> Active scenario: BASE
B4: 1 — ALLEGION BLENDED SHARE (of total market)
C5: 2024A | D5: 2025E | E5: 2026E | F5: 2027E | G5: 2028E | H5: 2029E | I5: 2030E* | K5: Basis
B6: Credential share — Baseline | C6: ='Revenue Model'!C17/'Revenue Model'!C8 -> 0.050252013 | D6: ='Revenue Model'!D17/'Revenue Model'!D8 -> 0.051918166 | E6: ='Revenue Model'!E17/'Revenue Model'!E8 -> 0.053593362 | F6: ='Revenue Model'!F17/'Revenue Model'!F8 -> 0.054944149 | G6: ='Revenue Model'!G17/'Revenue Model'!G8 -> 0.056242404 | H6: ='Revenue Model'!H17/'Revenue Model'!H8 -> 0.057235326 | I6: ='Revenue Model'!I17/'Revenue Model'!I8 -> 0.058142718
B7: Credential share — Open strategy | C7: ='Revenue Model'!C25/'Revenue Model'!C8 -> 0.050252013 | D7: ='Revenue Model'!D25/'Revenue Model'!D8 -> 0.051918166 | E7: ='Revenue Model'!E25/'Revenue Model'!E8 -> 0.059156217 | F7: ='Revenue Model'!F25/'Revenue Model'!F8 -> 0.066350276 | G7: ='Revenue Model'!G25/'Revenue Model'!G8 -> 0.073755861 | H7: ='Revenue Model'!H25/'Revenue Model'!H8 -> 0.080998854 | I7: ='Revenue Model'!I25/'Revenue Model'!I8 -> 0.088318052 | K7: Component A revenue ÷ total credential market
B8: Reader share — Baseline | C8: ='Revenue Model'!C18/'Revenue Model'!C9 -> 0.041161678 | D8: ='Revenue Model'!D18/'Revenue Model'!D9 -> 0.042280217 | E8: ='Revenue Model'!E18/'Revenue Model'!E9 -> 0.042937393 | F8: ='Revenue Model'!F18/'Revenue Model'!F9 -> 0.043657623 | G8: ='Revenue Model'!G18/'Revenue Model'!G9 -> 0.044097135 | H8: ='Revenue Model'!H18/'Revenue Model'!H9 -> 0.044393984 | I8: ='Revenue Model'!I18/'Revenue Model'!I9 -> 0.044576575
B9: Reader share — Open strategy | C9: ='Revenue Model'!C26/'Revenue Model'!C9 -> 0.041161678 | D9: ='Revenue Model'!D26/'Revenue Model'!D9 -> 0.042280217 | E9: ='Revenue Model'!E26/'Revenue Model'!E9 -> 0.046944883 | F9: ='Revenue Model'!F26/'Revenue Model'!F9 -> 0.051807046 | G9: ='Revenue Model'!G26/'Revenue Model'!G9 -> 0.056444333 | H9: ='Revenue Model'!H26/'Revenue Model'!H9 -> 0.060967738 | I9: ='Revenue Model'!I26/'Revenue Model'!I9 -> 0.065378977 | K9: Component B revenue ÷ total reader market
B11: 2 — DISPLACING THE CLOSED ECOSYSTEM (ASSA ABLOY / HID)
C12: 2024A | D12: 2025E | E12: 2026E | F12: 2027E | G12: 2028E | H12: 2029E | I12: 2030E* | K12: Basis
B13: HID credential share (2024 actual → 2030 target) | C13: ='Market (Omdia)'!C34 -> 0.336 | D13: =$C13+(Assumptions!$F$19-$C13)*'Revenue Model'!D13 -> 0.336 | E13: =$C13+(Assumptions!$F$19-$C13)*'Revenue Model'!E13 -> 0.3228 | F13: =$C13+(Assumptions!$F$19-$C13)*'Revenue Model'!F13 -> 0.3096 | G13: =$C13+(Assumptions!$F$19-$C13)*'Revenue Model'!G13 -> 0.2964 | H13: =$C13+(Assumptions!$F$19-$C13)*'Revenue Model'!H13 -> 0.2832 | I13: =$C13+(Assumptions!$F$19-$C13)*'Revenue Model'!I13 -> 0.27 | K13: 33.6% (Omdia MS7.9) eroding to scenario 2030 target
B14: HID share points lost vs 2024 | C14: =$C13-C13 -> 0 | D14: =$C13-D13 -> 0 | E14: =$C13-E13 -> 0.0132 | F14: =$C13-F13 -> 0.0264 | G14: =$C13-G13 -> 0.0396 | H14: =$C13-H13 -> 0.0528 | I14: =$C13-I13 -> 0.066
B15: Contestable value released ($m/yr) | C15: =C14*'Revenue Model'!C8 -> 0 | D15: =D14*'Revenue Model'!D8 -> 0 | E15: =E14*'Revenue Model'!E8 -> 10.431432 | F15: =F14*'Revenue Model'!F8 -> 22.060368 | G15: =G14*'Revenue Model'!G8 -> 34.928784 | H15: =H14*'Revenue Model'!H8 -> 49.125648 | I15: =I14*'Revenue Model'!I8 -> 65.174043 | K15: HID points lost × total credential market
B16: Allegion incremental credential rev ($m/yr) | C16: ='Revenue Model'!C25-'Revenue Model'!C17 -> 0 | D16: ='Revenue Model'!D25-'Revenue Model'!D17 -> 0 | E16: ='Revenue Model'!E25-'Revenue Model'!E17 -> 4.396102 | F16: ='Revenue Model'!F25-'Revenue Model'!F17 -> 9.531188 | G16: ='Revenue Model'!G25-'Revenue Model'!G17 -> 15.44757 | H16: ='Revenue Model'!H25-'Revenue Model'!H17 -> 22.109824 | I16: ='Revenue Model'!I25-'Revenue Model'!I17 -> 29.797705
B17: Allegion capture of released value | C17: =IF(C15=0,0,C16/C15) -> 0 | D17: =IF(D15=0,0,D16/D15) -> 0 | E17: =IF(E15=0,0,E16/E15) -> 0.42142843 | F17: =IF(F15=0,0,F16/F15) -> 0.43205027 | G17: =IF(G15=0,0,G16/G15) -> 0.44225903 | H17: =IF(H15=0,0,H16/H15) -> 0.45006682 | I17: =IF(I15=0,0,I16/I15) -> 0.45720204 | K17: Share of the freed-up value Allegion captures; the rest goes to the open long tail
B19: Read: open standards convert HID's private, closed-ecosystem premium into a contestable pool. Allegion captures a slice directly (credentials + readers) AND monetises the trust/issuance/wallet orchestration that the closed stack keeps in-house today.

Sheet Dashboard
B1: DASHBOARD — Allegion Open Ecosystem, 5-Year Plan
B2: =CONCATENATE("Scenario: ",Assumptions!D3," | Plan window 2026-2030 | US$m") -> Scenario: BASE | Plan window 2026-2030 | US$m
B4: HEADLINE (active scenario)
B5: 5-yr Open-strategy revenue | C5: ='Revenue Model'!J30 -> 854.52186
B6: 5-yr Baseline revenue | C6: ='Revenue Model'!J19 -> 574.85698
B7: 5-yr INCREMENTAL revenue | C7: ='Revenue Model'!J34 -> 279.66488
B8: 2030 exit run-rate (open) | C8: ='Revenue Model'!I30 -> 248.58837
B9: 2030 incremental run-rate | C9: ='Revenue Model'!I34 -> 117.92188
B10: New value pools — 5-yr | C10: ='Revenue Model'!J27+'Revenue Model'!J28+'Revenue Model'!J29 -> 103.29906
B11: 2030 credential share (blended) | C11: ='Share & Disruption'!I7 -> 0.088318052
B12: 2030 reader share (blended) | C12: ='Share & Disruption'!I9 -> 0.065378977
B14: REVENUE BY COMPONENT — Open strategy ($m)
B15: Component | C15: 2026E | D15: 2027E | E15: 2028E | F15: 2029E | G15: 2030E* | H15: 5-yr
B16: A. Credentials | C16: ='Revenue Model'!E25 -> 46.748792 | D16: ='Revenue Model'!F25 -> 55.443618 | E16: ='Revenue Model'!G25 -> 65.05562 | F16: ='Revenue Model'!H25 -> 75.362144 | G16: ='Revenue Model'!I25 -> 87.212796 | H16: =SUM(C16:G16) -> 329.82297
B17: B. Readers | C17: ='Revenue Model'!E26 -> 62.55124 | D17: ='Revenue Model'!F26 -> 72.90702 | E17: ='Revenue Model'!G26 -> 83.52576 | F17: ='Revenue Model'!H26 -> 94.98042 | G17: ='Revenue Model'!I26 -> 107.43538 | H17: =SUM(C17:G17) -> 421.39982
B18: C. Trust Services | C18: ='Revenue Model'!E27 -> 0.644912 | D18: ='Revenue Model'!F27 -> 2.770112 | E18: ='Revenue Model'!G27 -> 7.48359 | F18: ='Revenue Model'!H27 -> 15.5664 | G18: ='Revenue Model'!I27 -> 28.186279 | H18: =SUM(C18:G18) -> 54.651293
B19: D. Issuance | C19: ='Revenue Model'!E28 -> 0.305316 | D19: ='Revenue Model'!F28 -> 1.380168 | E19: ='Revenue Model'!G28 -> 3.8919488 | F19: ='Revenue Model'!H28 -> 8.38224 | G19: ='Revenue Model'!I28 -> 15.703603 | H19: =SUM(C19:G19) -> 29.663276
B20: E. Wallet | C20: ='Revenue Model'!E29 -> 0.19540224 | D20: ='Revenue Model'!F29 -> 0.88330752 | E20: ='Revenue Model'!G29 -> 2.4908472 | F20: ='Revenue Model'!H29 -> 5.3646336 | G20: ='Revenue Model'!I29 -> 10.050306 | H20: =SUM(C20:G20) -> 18.984496
B21: Open strategy total | C21: =SUM(C16:C20) -> 110.44566 | D21: =SUM(D16:D20) -> 133.38423 | E21: =SUM(E16:E20) -> 162.44777 | F21: =SUM(F16:F20) -> 199.65584 | G21: =SUM(G16:G20) -> 248.58837 | H21: =SUM(C21:G21) -> 854.52186
B22: Baseline total | C22: ='Revenue Model'!E19 -> 99.56419 | D22: ='Revenue Model'!F19 -> 107.35093 | E22: ='Revenue Model'!G19 -> 114.86255 | F22: ='Revenue Model'!H19 -> 122.41282 | G22: ='Revenue Model'!I19 -> 130.66649 | H22: =SUM(C22:G22) -> 574.85698
B23: Incremental | C23: =C21-C22 -> 10.881472 | D23: =D21-D22 -> 26.033296 | E23: =E21-E22 -> 47.585216 | F23: =F21-F22 -> 77.243018 | G23: =G21-G22 -> 117.92188 | H23: =SUM(C23:G23) -> 279.66488
B25: ALL-SCENARIO SNAPSHOT — 2030 exit run-rate ($m)
B26: Metric | C26: Conservative | D26: Base | E26: Aggressive
B27: A. Credentials | C27: ='Market (Omdia)'!I24*Assumptions!C8 -> 65.409597 | D27: ='Market (Omdia)'!I24*Assumptions!D8 -> 87.212796 | E27: ='Market (Omdia)'!I24*Assumptions!E8 -> 116.28373
B28: B. Readers | C28: ='Market (Omdia)'!I13*Assumptions!C10 -> 83.018251 | D28: ='Market (Omdia)'!I13*Assumptions!D10 -> 107.43538 | E28: ='Market (Omdia)'!I13*Assumptions!E10 -> 141.61937
B29: C. Trust Services | C29: ='Market (Omdia)'!I30*Assumptions!H23*Assumptions!C12*Assumptions!C13 -> 7.7896626 | D29: ='Market (Omdia)'!I30*Assumptions!H24*Assumptions!D12*Assumptions!D13 -> 28.186279 | E29: ='Market (Omdia)'!I30*Assumptions!H25*Assumptions!E12*Assumptions!E13 -> 69.95322
B30: D. Issuance | C30: ='Market (Omdia)'!I29*Assumptions!H23*Assumptions!C14*Assumptions!C15 -> 4.6292317 | D30: ='Market (Omdia)'!I29*Assumptions!H24*Assumptions!D14*Assumptions!D15 -> 15.703603 | E30: ='Market (Omdia)'!I29*Assumptions!H25*Assumptions!E14*Assumptions!E15 -> 39.084522
B31: E. Wallet | C31: ='Market (Omdia)'!I29*Assumptions!H23*Assumptions!C16*Assumptions!C17 -> 2.8932698 | D31: ='Market (Omdia)'!I29*Assumptions!H24*Assumptions!D16*Assumptions!D17 -> 10.050306 | E31: ='Market (Omdia)'!I29*Assumptions!H25*Assumptions!E16*Assumptions!E17 -> 27.359166
B32: Open strategy total | C32: =SUM(C27:C31) -> 163.74001 | D32: =SUM(D27:D31) -> 248.58837 | E32: =SUM(E27:E31) -> 394.3
B33: Baseline total | C33: ='Market (Omdia)'!I24*Assumptions!C7+'Market (Omdia)'!I13*Assumptions!C9 -> 130.66649 | D33: ='Market (Omdia)'!I24*Assumptions!C7+'Market (Omdia)'!I13*Assumptions!C9 -> 130.66649 | E33: ='Market (Omdia)'!I24*Assumptions!C7+'Market (Omdia)'!I13*Assumptions!C9 -> 130.66649
B34: Incremental vs baseline | C34: =C32-C33 -> 33.073523 | D34: =D32-D33 -> 117.92188 | E34: =E32-E33 -> 263.63352
B36: New value pools (Trust/Issuance/Wallet) are bottom-up planning estimates, not Omdia data. 2030E* extends Omdia's 2029 figure by one year. See Read Me for sources.
